test_name,time_raw,dimension,crit1,crit2,avg_memory_mb,max_memory_mb,equation_count,variable_count,memory_per_sec,criteria_sum,resource,config,source_file,test_key,time_seconds,timeout_seconds,timed_out,effective_time_seconds
assur44,280.851,8,1874.0,3368.0,157.3774,223.3828,8,8,0.7954,5242.0,CPU,1,data/series_1/CPU/summary_1.csv,assur44,280.851,,False,280.851
benchmark_D1,40.6055,12,2287.0,2001.0,75.0465,95.2617,12,12,2.346,4288.0,CPU,1,data/series_1/CPU/summary_1.csv,benchmark_d1,40.6055,,False,40.6055
benchmark_i1,236.9265,10,3518.0,3570.0,181.8945,226.0,10,10,0.9539,7088.0,CPU,1,data/series_1/CPU/summary_1.csv,benchmark_i1,236.9265,,False,236.9265
boon,0.0681,6,108.0,30.0,0.2031,0.2031,6,6,2.9827,138.0,CPU,1,data/series_1/CPU/summary_1.csv,boon,0.0681,,False,0.0681
butcher,2.447,7,199.0,385.0,36.2227,54.4727,7,7,22.261,584.0,CPU,1,data/series_1/CPU/summary_1.csv,butcher,2.447,,False,2.447
butcher8,17.1133,8,571.0,1333.0,57.5093,63.457,8,8,3.7081,1904.0,CPU,1,data/series_1/CPU/summary_1.csv,butcher8,17.1133,,False,17.1133
camera1s,1.1577,6,177.0,95.0,27.7773,55.3516,6,6,47.8117,272.0,CPU,1,data/series_1/CPU/summary_1.csv,camera1s,1.1577,,False,1.1577
caprasse,0.0832,4,65.0,194.0,0.3906,0.3906,4,4,4.695,259.0,CPU,1,data/series_1/CPU/summary_1.csv,caprasse,0.0832,,False,0.0832
cassou,1.9907,5,39.0,154.0,40.3333,62.1953,4,5,31.2429,193.0,CPU,1,data/series_1/CPU/summary_1.csv,cassou,1.9907,,False,1.9907
chandra4,0.0234,4,19.0,7.0,0.1875,0.1875,4,4,8.0128,26.0,CPU,1,data/series_1/CPU/summary_1.csv,chandra4,0.0234,,False,0.0234
chandra5,0.097,5,59.0,48.0,0.332,0.332,5,5,3.423,107.0,CPU,1,data/series_1/CPU/summary_1.csv,chandra5,0.097,,False,0.097
chandra6,0.4942,6,188.0,266.0,0.1992,0.1992,6,6,0.4031,454.0,CPU,1,data/series_1/CPU/summary_1.csv,chandra6,0.4942,,False,0.4942
chemequ,0.4083,5,81.0,60.0,0.2031,0.2031,5,5,0.4975,141.0,CPU,1,data/series_1/CPU/summary_1.csv,chemequ,0.4083,,False,0.4083
chemequs,1.0999,5,95.0,77.0,29.25,58.2969,5,5,53.002,172.0,CPU,1,data/series_1/CPU/summary_1.csv,chemequs,1.0999,,False,1.0999
chemkin,519.3553,11,2210.0,3917.0,207.9429,332.2539,11,11,0.6397,6127.0,CPU,1,data/series_1/CPU/summary_1.csv,chemkin,519.3553,,False,519.3553
cohn2,3.339,4,0.0,439.0,43.3955,59.9727,4,4,17.9613,439.0,CPU,1,data/series_1/CPU/summary_1.csv,cohn2,3.339,,False,3.339
cohn3,7193.2137,4,81.0,7359.0,587.6297,623.5469,4,4,0.0867,7440.0,CPU,1,data/series_1/CPU/summary_1.csv,cohn3,7193.2137,,False,7193.2137
comb3000,0.1001,10,151.0,19.0,0.2031,0.2031,10,10,2.0292,170.0,CPU,1,data/series_1/CPU/summary_1.csv,comb3000,0.1001,,False,0.1001
comb3000s,0.1231,10,151.0,20.0,0.2031,0.2031,10,10,1.6501,171.0,CPU,1,data/series_1/CPU/summary_1.csv,comb3000s,0.1231,,False,0.1231
conform1,0.0218,3,9.0,30.0,0.1875,0.1875,3,3,8.6009,39.0,CPU,1,data/series_1/CPU/summary_1.csv,conform1,0.0218,,False,0.0218
cpdm5,40.4242,5,348.0,2585.0,61.9123,64.5781,5,5,1.5975,2933.0,CPU,1,data/series_1/CPU/summary_1.csv,cpdm5,40.4242,,False,40.4242
cyclic5,0.2456,5,98.0,351.0,0.1992,0.1992,5,5,0.8112,449.0,CPU,1,data/series_1/CPU/summary_1.csv,cyclic5,0.2456,,False,0.2456
cyclic6,10.5899,6,548.0,3175.0,52.4812,58.9414,6,6,5.5658,3723.0,CPU,1,data/series_1/CPU/summary_1.csv,cyclic6,10.5899,,False,10.5899
d1,50.163,12,2279.0,1990.0,81.8532,104.6094,12,12,2.0854,4269.0,CPU,1,data/series_1/CPU/summary_1.csv,d1,50.163,,False,50.163
des18_3,3.6478,8,275.0,375.0,41.4668,55.9648,8,8,15.3421,650.0,CPU,1,data/series_1/CPU/summary_1.csv,des18_3,3.6478,,False,3.6478
des22_24,3.8412,10,501.0,373.0,45.2258,59.0039,10,10,15.3608,874.0,CPU,1,data/series_1/CPU/summary_1.csv,des22_24,3.8412,,False,3.8412
dessin1,3.2411,8,275.0,379.0,41.3877,55.9336,8,8,17.2576,654.0,CPU,1,data/series_1/CPU/summary_1.csv,dessin1,3.2411,,False,3.2411
dessin2,5.8723,10,558.0,338.0,49.3521,60.9141,10,10,10.3731,896.0,CPU,1,data/series_1/CPU/summary_1.csv,dessin2,5.8723,,False,5.8723
eco7,1.4492,7,267.0,229.0,26.9531,53.7031,7,7,37.0571,496.0,CPU,1,data/series_1/CPU/summary_1.csv,eco7,1.4492,,False,1.4492
eco8,15.8889,8,825.0,1028.0,55.0614,59.6211,8,8,3.7524,1853.0,CPU,1,data/series_1/CPU/summary_1.csv,eco8,15.8889,,False,15.8889
eco9,201.3882,9,2405.0,3873.0,72.5249,74.3281,9,9,0.3691,6278.0,CPU,1,data/series_1/CPU/summary_1.csv,eco9,201.3882,,False,201.3882
extcyc4,0.2945,5,120.0,457.0,0.1992,0.1992,5,5,0.6765,577.0,CPU,1,data/series_1/CPU/summary_1.csv,extcyc4,0.2945,,False,0.2945
extcyc5,58.2118,6,738.0,9171.0,69.0038,81.1289,6,6,1.3937,9909.0,CPU,1,data/series_1/CPU/summary_1.csv,extcyc5,58.2118,,False,58.2118
f633,0.9916,10,318.0,630.0,26.3457,52.4961,9,10,52.9408,948.0,CPU,1,data/series_1/CPU/summary_1.csv,f633,0.9916,,False,0.9916
f744,292.9767,12,3654.0,4399.0,111.2032,126.3984,12,12,0.4314,8053.0,CPU,1,data/series_1/CPU/summary_1.csv,f744,292.9767,,False,292.9767
fabrice24,129.703,9,1225.0,1053.0,110.1136,130.4805,9,9,1.006,2278.0,CPU,1,data/series_1/CPU/summary_1.csv,fabrice24,129.703,,False,129.703
filter9,130.3638,9,5921.0,16640.0,77.8758,90.25,9,9,0.6923,22561.0,CPU,1,data/series_1/CPU/summary_1.csv,filter9,130.3638,,False,130.3638
geneig,0.5113,6,94.0,53.0,0.1992,0.1992,6,6,0.3896,147.0,CPU,1,data/series_1/CPU/summary_1.csv,geneig,0.5113,,False,0.5113
hairer1,0.0319,8,42.0,24.0,0.2578,0.2578,6,8,8.0819,66.0,CPU,1,data/series_1/CPU/summary_1.csv,hairer1,0.0319,,False,0.0319
hcyclic5,0.1508,6,89.0,542.0,0.207,0.207,5,6,1.3729,631.0,CPU,1,data/series_1/CPU/summary_1.csv,hcyclic5,0.1508,,False,0.1508
hcyclic6,4.8576,7,273.0,4134.0,46.3275,56.0234,6,7,11.5332,4407.0,CPU,1,data/series_1/CPU/summary_1.csv,hcyclic6,4.8576,,False,4.8576
heart,0.0636,8,75.0,3.0,0.2031,0.2031,8,8,3.1938,78.0,CPU,1,data/series_1/CPU/summary_1.csv,heart,0.0636,,False,0.0636
hemmecke,0.0417,4,11.0,14.0,0.2031,0.2031,3,4,4.8711,25.0,CPU,1,data/series_1/CPU/summary_1.csv,hemmecke,0.0417,,False,0.0417
hf744,157.1182,13,1906.0,18074.0,76.244,81.8125,12,13,0.5207,19980.0,CPU,1,data/series_1/CPU/summary_1.csv,hf744,157.1182,,False,157.1182
hietarinta1,165.1406,10,6692.0,6468.0,103.0396,124.7305,62,10,0.7553,13160.0,CPU,1,data/series_1/CPU/summary_1.csv,hietarinta1,165.1406,,False,165.1406
hunecke,0.0052,5,1.0,15.0,0.2031,0.2031,8,5,39.0625,16.0,CPU,1,data/series_1/CPU/summary_1.csv,hunecke,0.0052,,False,0.0052
i1,227.915,12,3496.0,3539.0,195.7644,240.3281,10,12,1.0545,7035.0,CPU,1,data/series_1/CPU/summary_1.csv,i1,227.915,,False,227.915
issac97,0.1155,4,25.0,18.0,0.2031,0.2031,4,4,1.7587,43.0,CPU,1,data/series_1/CPU/summary_1.csv,issac97,0.1155,,False,0.1155
jcf26,173.0036,34,3643.0,1070.0,130.0745,157.4453,34,34,0.9101,4713.0,CPU,1,data/series_1/CPU/summary_1.csv,jcf26,173.0036,,False,173.0036
katsura6,5.7753,7,280.0,431.0,47.8047,56.2031,7,7,9.7316,711.0,CPU,1,data/series_1/CPU/summary_1.csv,katsura6,5.7753,,False,5.7753
katsura7,49.1065,8,719.0,1753.0,62.9995,65.7578,8,8,1.3391,2472.0,CPU,1,data/series_1/CPU/summary_1.csv,katsura7,49.1065,,False,49.1065
katsura8,451.5091,9,2237.0,7420.0,101.3586,108.5,9,9,0.2403,9657.0,CPU,1,data/series_1/CPU/summary_1.csv,katsura8,451.5091,,False,451.5091
kin1,47.917,12,2022.0,1797.0,81.2699,101.1953,12,12,2.1119,3819.0,CPU,1,data/series_1/CPU/summary_1.csv,kin1,47.917,,False,47.917
kinema,6.2215,9,413.0,396.0,49.6574,59.1641,9,9,9.5096,809.0,CPU,1,data/series_1/CPU/summary_1.csv,kinema,6.2215,,False,6.2215
kotsireas,357.3355,7,747.0,2964.0,281.9346,344.6992,6,7,0.9646,3711.0,CPU,1,data/series_1/CPU/summary_1.csv,kotsireas,357.3355,,False,357.3355
ku10,0.104,10,795.0,185.0,0.2031,0.2031,10,10,1.9531,980.0,CPU,1,data/series_1/CPU/summary_1.csv,ku10,0.104,,False,0.104
lanconelli,0.0037,11,7.0,2.0,0.3945,0.3945,4,11,106.6301,9.0,CPU,1,data/series_1/CPU/summary_1.csv,lanconelli,0.0037,,False,0.0037
lichtblau,0.6082,3,4.0,116.0,0.1836,0.1836,2,3,0.3019,120.0,CPU,1,data/series_1/CPU/summary_1.csv,lichtblau,0.6082,,False,0.6082
liu,0.0399,6,22.0,59.0,0.2031,0.2031,4,6,5.0909,81.0,CPU,1,data/series_1/CPU/summary_1.csv,liu,0.0399,,False,0.0399
lorentz,0.0242,4,27.0,15.0,0.3828,0.3828,4,4,15.8187,42.0,CPU,1,data/series_1/CPU/summary_1.csv,lorentz,0.0242,,False,0.0242
matrix,1.8916,16,4951.0,6873.0,35.7487,53.6797,16,16,28.3779,11824.0,CPU,1,data/series_1/CPU/summary_1.csv,matrix,1.8916,,False,1.8916
mickey,0.0002,2,1.0,0.0,0.2188,0.2188,2,2,1093.75,1.0,CPU,1,data/series_1/CPU/summary_1.csv,mickey,0.0002,,False,0.0002
morgenstern,0.1517,9,114.0,162.0,0.2148,0.2148,5,9,1.4162,276.0,CPU,1,data/series_1/CPU/summary_1.csv,morgenstern,0.1517,,False,0.1517
noon5,6.3546,5,304.0,2047.0,47.4358,55.7656,5,5,8.7756,2351.0,CPU,1,data/series_1/CPU/summary_1.csv,noon5,6.3546,,False,6.3546
noon6,168.4159,6,1421.0,16153.0,66.9761,69.082,6,6,0.4102,17574.0,CPU,1,data/series_1/CPU/summary_1.csv,noon6,168.4159,,False,168.4159
puma,0.046,8,84.0,7.0,0.2656,0.2656,8,8,5.7745,91.0,CPU,1,data/series_1/CPU/summary_1.csv,puma,0.046,,False,0.046
quadfor2,0.0015,5,8.0,0.0,0.2031,0.2031,4,5,135.4167,8.0,CPU,1,data/series_1/CPU/summary_1.csv,quadfor2,0.0015,,False,0.0015
quadgrid,0.0243,6,22.0,3.0,0.1992,0.1992,5,6,8.1983,25.0,CPU,1,data/series_1/CPU/summary_1.csv,quadgrid,0.0243,,False,0.0243
rabmo,1.9586,9,318.0,75.0,36.0951,54.1758,9,9,27.6605,393.0,CPU,1,data/series_1/CPU/summary_1.csv,rabmo,1.9586,,False,1.9586
rbpl,114.1962,8,1462.0,7324.0,72.479,79.0273,6,8,0.692,8786.0,CPU,1,data/series_1/CPU/summary_1.csv,rbpl,114.1962,,False,114.1962
rbpl24,125.1279,9,1225.0,1061.0,109.8617,129.2891,9,9,1.0333,2286.0,CPU,1,data/series_1/CPU/summary_1.csv,rbpl24,125.1279,,False,125.1279
redcyc5,0.2303,6,93.0,160.0,0.1914,0.1914,5,6,0.8311,253.0,CPU,1,data/series_1/CPU/summary_1.csv,redcyc5,0.2303,,False,0.2303
redcyc6,9.3862,7,414.0,1962.0,50.1816,56.3242,6,7,6.0007,2376.0,CPU,1,data/series_1/CPU/summary_1.csv,redcyc6,9.3862,,False,9.3862
redeco10,140.0256,10,7418.0,24869.0,72.3378,76.9805,10,10,0.5498,32287.0,CPU,1,data/series_1/CPU/summary_1.csv,redeco10,140.0256,,False,140.0256
redeco7,0.3853,7,203.0,265.0,0.2578,0.2578,7,7,0.6691,468.0,CPU,1,data/series_1/CPU/summary_1.csv,redeco7,0.3853,,False,0.3853
redeco8,2.9068,8,659.0,1275.0,40.7686,54.6016,8,8,18.7841,1934.0,CPU,1,data/series_1/CPU/summary_1.csv,redeco8,2.9068,,False,2.9068
redeco9,19.209,9,2194.0,5766.0,55.4799,59.5938,9,9,3.1024,7960.0,CPU,1,data/series_1/CPU/summary_1.csv,redeco9,19.209,,False,19.209
reif,0.0795,16,302.0,24.0,0.1992,0.1992,14,16,2.5059,326.0,CPU,1,data/series_1/CPU/summary_1.csv,reif,0.0795,,False,0.0795
reimer4,4.07,4,64.0,312.0,44.5734,56.3008,4,4,13.8331,376.0,CPU,1,data/series_1/CPU/summary_1.csv,reimer4,4.07,,False,4.07
reimer5,76.2669,5,290.0,1960.0,74.8109,82.2188,5,5,1.078,2250.0,CPU,1,data/series_1/CPU/summary_1.csv,reimer5,76.2669,,False,76.2669
rose,0.1954,3,12.0,111.0,0.1875,0.1875,3,3,0.9596,123.0,CPU,1,data/series_1/CPU/summary_1.csv,rose,0.1954,,False,0.1954
s9_1,0.0603,8,74.0,10.0,0.1953,0.1953,8,8,3.239,84.0,CPU,1,data/series_1/CPU/summary_1.csv,s9_1,0.0603,,False,0.0603
solotarev,0.0077,4,18.0,2.0,0.8789,0.8789,4,4,114.1437,20.0,CPU,1,data/series_1/CPU/summary_1.csv,solotarev,0.0077,,False,0.0077
sparse5,0.0015,5,10.0,0.0,0.1992,0.1992,5,5,132.8125,10.0,CPU,1,data/series_1/CPU/summary_1.csv,sparse5,0.0015,,False,0.0015
speer,7.8008,6,100.0,1830.0,49.5469,56.2383,4,6,7.2093,1930.0,CPU,1,data/series_1/CPU/summary_1.csv,speer,7.8008,,False,7.8008
tangents,1.4777,6,226.0,130.0,27.2168,54.2305,6,6,36.6992,356.0,CPU,1,data/series_1/CPU/summary_1.csv,tangents,1.4777,,False,1.4777
test,0.0058,3,1.0,4.0,0.2031,0.2031,4,3,35.0216,5.0,CPU,1,data/series_1/CPU/summary_1.csv,test,0.0058,,False,0.0058
uteshev_bikker,0.3977,4,36.0,65.0,0.1875,0.1875,4,4,0.4715,101.0,CPU,1,data/series_1/CPU/summary_1.csv,uteshev_bikker,0.3977,,False,0.3977
vermeer,0.7335,5,62.0,265.0,0.1348,0.2695,4,5,0.3675,327.0,CPU,1,data/series_1/CPU/summary_1.csv,vermeer,0.7335,,False,0.7335
assur44,268.5635,8,1874.0,3363.0,157.1184,221.9648,8,8,0.8265,5237.0,CPU,4,data/series_1/CPU/summary_4.csv,assur44,268.5635,,False,268.5635
benchmark_D1,46.4133,12,2279.0,2001.0,78.9631,101.3359,12,12,2.1833,4280.0,CPU,4,data/series_1/CPU/summary_4.csv,benchmark_d1,46.4133,,False,46.4133
benchmark_i1,228.2923,10,3518.0,3564.0,180.8709,225.1992,10,10,0.9865,7082.0,CPU,4,data/series_1/CPU/summary_4.csv,benchmark_i1,228.2923,,False,228.2923
boon,0.069,6,108.0,27.0,0.2031,0.2031,6,6,2.9438,135.0,CPU,4,data/series_1/CPU/summary_4.csv,boon,0.069,,False,0.069
butcher,2.5079,7,199.0,391.0,36.3021,54.6133,7,7,21.7765,590.0,CPU,4,data/series_1/CPU/summary_4.csv,butcher,2.5079,,False,2.5079
butcher8,16.143,8,568.0,1333.0,56.1625,61.2695,8,8,3.7954,1901.0,CPU,4,data/series_1/CPU/summary_4.csv,butcher8,16.143,,False,16.143
camera1s,1.1256,6,177.0,94.0,27.8984,55.5312,6,6,49.3348,271.0,CPU,4,data/series_1/CPU/summary_4.csv,camera1s,1.1256,,False,1.1256
caprasse,0.1088,4,65.0,188.0,0.332,0.332,4,4,3.0518,253.0,CPU,4,data/series_1/CPU/summary_4.csv,caprasse,0.1088,,False,0.1088
cassou,1.9585,5,39.0,155.0,40.3958,62.3008,4,5,31.8105,194.0,CPU,4,data/series_1/CPU/summary_4.csv,cassou,1.9585,,False,1.9585
chandra4,0.0231,4,19.0,7.0,0.207,0.207,4,4,8.9624,26.0,CPU,4,data/series_1/CPU/summary_4.csv,chandra4,0.0231,,False,0.0231
chandra5,0.097,5,59.0,48.0,0.2656,0.2656,5,5,2.7384,107.0,CPU,4,data/series_1/CPU/summary_4.csv,chandra5,0.097,,False,0.097
chandra6,0.497,6,188.0,263.0,0.2031,0.2031,6,6,0.4087,451.0,CPU,4,data/series_1/CPU/summary_4.csv,chandra6,0.497,,False,0.497
chemequ,0.3938,5,81.0,60.0,0.1953,0.1953,5,5,0.496,141.0,CPU,4,data/series_1/CPU/summary_4.csv,chemequ,0.3938,,False,0.3938
chemequs,1.0442,5,95.0,78.0,29.5781,58.9766,5,5,56.4801,173.0,CPU,4,data/series_1/CPU/summary_4.csv,chemequs,1.0442,,False,1.0442
chemkin,519.2488,11,2210.0,3923.0,223.3985,359.9609,11,11,0.6932,6133.0,CPU,4,data/series_1/CPU/summary_4.csv,chemkin,519.2488,,False,519.2488
cohn2,3.3295,4,0.0,437.0,43.0732,59.3906,4,4,17.8377,437.0,CPU,4,data/series_1/CPU/summary_4.csv,cohn2,3.3295,,False,3.3295
cohn3,4765.2788,4,81.0,7349.0,504.9613,558.4922,4,4,0.1172,7430.0,CPU,4,data/series_1/CPU/summary_4.csv,cohn3,4765.2788,,False,4765.2788
comb3000,0.1007,10,151.0,19.0,0.1914,0.1914,10,10,1.9008,170.0,CPU,4,data/series_1/CPU/summary_4.csv,comb3000,0.1007,,False,0.1007
comb3000s,0.1229,10,151.0,20.0,0.2031,0.2031,10,10,1.6528,171.0,CPU,4,data/series_1/CPU/summary_4.csv,comb3000s,0.1229,,False,0.1229
conform1,0.0224,3,9.0,30.0,0.1914,0.1914,3,3,8.5449,39.0,CPU,4,data/series_1/CPU/summary_4.csv,conform1,0.0224,,False,0.0224
cpdm5,40.1006,5,348.0,2586.0,62.264,65.5859,5,5,1.6355,2934.0,CPU,4,data/series_1/CPU/summary_4.csv,cpdm5,40.1006,,False,40.1006
cyclic5,0.2274,5,98.0,353.0,0.25,0.25,5,5,1.0994,451.0,CPU,4,data/series_1/CPU/summary_4.csv,cyclic5,0.2274,,False,0.2274
cyclic6,12.5707,6,564.0,3891.0,53.7148,59.9023,6,6,4.7652,4455.0,CPU,4,data/series_1/CPU/summary_4.csv,cyclic6,12.5707,,False,12.5707
d1,46.6541,12,2279.0,2000.0,78.8431,100.9453,12,12,2.1637,4279.0,CPU,4,data/series_1/CPU/summary_4.csv,d1,46.6541,,False,46.6541
des18_3,3.3026,8,275.0,375.0,41.4922,55.9414,8,8,16.9386,650.0,CPU,4,data/series_1/CPU/summary_4.csv,des18_3,3.3026,,False,3.3026
des22_24,4.1951,10,501.0,364.0,45.3156,59.2422,10,10,14.1218,865.0,CPU,4,data/series_1/CPU/summary_4.csv,des22_24,4.1951,,False,4.1951
dessin1,3.2601,8,275.0,377.0,41.4727,55.9922,8,8,17.175,652.0,CPU,4,data/series_1/CPU/summary_4.csv,dessin1,3.2601,,False,3.2601
dessin2,6.0731,10,558.0,334.0,49.4464,60.7383,10,10,10.0012,892.0,CPU,4,data/series_1/CPU/summary_4.csv,dessin2,6.0731,,False,6.0731
eco7,1.6127,7,272.0,238.0,26.9453,53.5977,7,7,33.2347,510.0,CPU,4,data/series_1/CPU/summary_4.csv,eco7,1.6127,,False,1.6127
eco8,13.3321,8,802.0,993.0,54.2349,59.6016,8,8,4.4705,1795.0,CPU,4,data/series_1/CPU/summary_4.csv,eco8,13.3321,,False,13.3321
eco9,161.707,9,2348.0,3773.0,69.0231,70.9961,9,9,0.439,6121.0,CPU,4,data/series_1/CPU/summary_4.csv,eco9,161.707,,False,161.707
extcyc4,0.3082,5,137.0,460.0,0.1992,0.1992,5,5,0.6464,597.0,CPU,4,data/series_1/CPU/summary_4.csv,extcyc4,0.3082,,False,0.3082
extcyc5,59.3014,6,738.0,9169.0,70.299,84.4961,6,6,1.4249,9907.0,CPU,4,data/series_1/CPU/summary_4.csv,extcyc5,59.3014,,False,59.3014
f633,0.9744,10,318.0,630.0,26.3555,52.5078,9,10,53.8873,948.0,CPU,4,data/series_1/CPU/summary_4.csv,f633,0.9744,,False,0.9744
f744,194.7977,12,3358.0,3777.0,90.1434,100.9062,12,12,0.518,7135.0,CPU,4,data/series_1/CPU/summary_4.csv,f744,194.7977,,False,194.7977
fabrice24,127.6233,9,1225.0,1051.0,111.6975,131.9805,9,9,1.0341,2276.0,CPU,4,data/series_1/CPU/summary_4.csv,fabrice24,127.6233,,False,127.6233
filter9,138.8264,9,6132.0,17055.0,80.0463,94.9375,9,9,0.6839,23187.0,CPU,4,data/series_1/CPU/summary_4.csv,filter9,138.8264,,False,138.8264
geneig,0.5121,6,94.0,52.0,0.3906,0.3906,6,6,0.7628,146.0,CPU,4,data/series_1/CPU/summary_4.csv,geneig,0.5121,,False,0.5121
hairer1,0.029,8,42.0,25.0,0.2031,0.2031,6,8,7.0043,67.0,CPU,4,data/series_1/CPU/summary_4.csv,hairer1,0.029,,False,0.029
hcyclic5,0.1514,6,89.0,544.0,0.2031,0.2031,5,6,1.3416,633.0,CPU,4,data/series_1/CPU/summary_4.csv,hcyclic5,0.1514,,False,0.1514
hcyclic6,4.6471,7,273.0,4134.0,44.4422,56.1094,6,7,12.0741,4407.0,CPU,4,data/series_1/CPU/summary_4.csv,hcyclic6,4.6471,,False,4.6471
heart,0.0635,8,75.0,3.0,0.207,0.207,8,8,3.2603,78.0,CPU,4,data/series_1/CPU/summary_4.csv,heart,0.0635,,False,0.0635
hemmecke,0.0412,4,11.0,14.0,0.25,0.25,3,4,6.068,25.0,CPU,4,data/series_1/CPU/summary_4.csv,hemmecke,0.0412,,False,0.0412
hf744,159.3143,13,1906.0,18079.0,76.9771,83.1641,12,13,0.522,19985.0,CPU,4,data/series_1/CPU/summary_4.csv,hf744,159.3143,,False,159.3143
hietarinta1,97.7933,10,3582.0,3093.0,90.1851,101.5664,62,10,1.0386,6675.0,CPU,4,data/series_1/CPU/summary_4.csv,hietarinta1,97.7933,,False,97.7933
hunecke,0.0052,5,1.0,15.0,0.2031,0.2031,8,5,39.0625,16.0,CPU,4,data/series_1/CPU/summary_4.csv,hunecke,0.0052,,False,0.0052
i1,281.7833,12,3517.0,3566.0,186.9599,244.75,10,12,0.8686,7083.0,CPU,4,data/series_1/CPU/summary_4.csv,i1,281.7833,,False,281.7833
issac97,0.1109,4,25.0,18.0,0.2031,0.2031,4,4,1.8316,43.0,CPU,4,data/series_1/CPU/summary_4.csv,issac97,0.1109,,False,0.1109
jcf26,179.2177,34,3643.0,1050.0,133.2303,162.0742,34,34,0.9043,4693.0,CPU,4,data/series_1/CPU/summary_4.csv,jcf26,179.2177,,False,179.2177
katsura6,6.1401,7,280.0,425.0,47.9849,56.3594,7,7,9.1789,705.0,CPU,4,data/series_1/CPU/summary_4.csv,katsura6,6.1401,,False,6.1401
katsura7,48.7487,8,719.0,1752.0,61.628,65.8516,8,8,1.3508,2471.0,CPU,4,data/series_1/CPU/summary_4.csv,katsura7,48.7487,,False,48.7487
katsura8,432.7377,9,2237.0,7430.0,98.7866,106.1289,9,9,0.2452,9667.0,CPU,4,data/series_1/CPU/summary_4.csv,katsura8,432.7377,,False,432.7377
kin1,42.9875,12,2022.0,1804.0,76.3314,94.3281,12,12,2.1943,3826.0,CPU,4,data/series_1/CPU/summary_4.csv,kin1,42.9875,,False,42.9875
kinema,4.8445,9,377.0,331.0,46.6484,56.4258,9,9,11.6474,708.0,CPU,4,data/series_1/CPU/summary_4.csv,kinema,4.8445,,False,4.8445
kotsireas,288.2493,7,750.0,2977.0,205.0479,263.207,6,7,0.9131,3727.0,CPU,4,data/series_1/CPU/summary_4.csv,kotsireas,288.2493,,False,288.2493
ku10,0.102,10,795.0,190.0,0.2031,0.2031,10,10,1.9914,985.0,CPU,4,data/series_1/CPU/summary_4.csv,ku10,0.102,,False,0.102
lanconelli,0.0124,11,9.0,3.0,0.1914,0.1914,4,11,15.436,12.0,CPU,4,data/series_1/CPU/summary_4.csv,lanconelli,0.0124,,False,0.0124
lichtblau,0.5889,3,4.0,117.0,0.2656,0.2656,2,3,0.4511,121.0,CPU,4,data/series_1/CPU/summary_4.csv,lichtblau,0.5889,,False,0.5889
liu,0.0326,6,19.0,26.0,0.1875,0.1875,4,6,5.7515,45.0,CPU,4,data/series_1/CPU/summary_4.csv,liu,0.0326,,False,0.0326
lorentz,0.0202,4,27.0,17.0,0.1992,0.1992,4,4,9.8623,44.0,CPU,4,data/series_1/CPU/summary_4.csv,lorentz,0.0202,,False,0.0202
matrix,1.9558,16,4951.0,6814.0,35.776,53.7344,16,16,27.4744,11765.0,CPU,4,data/series_1/CPU/summary_4.csv,matrix,1.9558,,False,1.9558
mickey,0.0002,2,1.0,0.0,0.2031,0.2031,2,2,1015.625,1.0,CPU,4,data/series_1/CPU/summary_4.csv,mickey,0.0002,,False,0.0002
morgenstern,0.1548,9,114.0,159.0,0.1914,0.1914,5,9,1.2365,273.0,CPU,4,data/series_1/CPU/summary_4.csv,morgenstern,0.1548,,False,0.1548
noon5,6.2876,5,304.0,2047.0,47.4442,55.7734,5,5,8.8704,2351.0,CPU,4,data/series_1/CPU/summary_4.csv,noon5,6.2876,,False,6.2876
noon6,170.5402,6,1425.0,16188.0,67.3727,69.3555,6,6,0.4067,17613.0,CPU,4,data/series_1/CPU/summary_4.csv,noon6,170.5402,,False,170.5402
puma,0.0464,8,84.0,6.0,0.1992,0.1992,8,8,4.2935,90.0,CPU,4,data/series_1/CPU/summary_4.csv,puma,0.0464,,False,0.0464
quadfor2,0.0015,5,8.0,0.0,0.2031,0.2031,4,5,135.4167,8.0,CPU,4,data/series_1/CPU/summary_4.csv,quadfor2,0.0015,,False,0.0015
quadgrid,0.0239,6,22.0,3.0,0.3945,0.3945,5,6,16.5076,25.0,CPU,4,data/series_1/CPU/summary_4.csv,quadgrid,0.0239,,False,0.0239
rabmo,1.952,9,318.0,75.0,36.1172,54.1953,9,9,27.764,393.0,CPU,4,data/series_1/CPU/summary_4.csv,rabmo,1.952,,False,1.952
rbpl,221.3794,8,1462.0,7314.0,75.7893,80.0273,6,8,0.3615,8776.0,CPU,4,data/series_1/CPU/summary_4.csv,rbpl,221.3794,,False,221.3794
rbpl24,124.1766,9,1225.0,1059.0,110.0323,129.6367,9,9,1.044,2284.0,CPU,4,data/series_1/CPU/summary_4.csv,rbpl24,124.1766,,False,124.1766
redcyc5,0.2287,6,93.0,161.0,0.1992,0.1992,5,6,0.8711,254.0,CPU,4,data/series_1/CPU/summary_4.csv,redcyc5,0.2287,,False,0.2287
redcyc6,9.468,7,419.0,1991.0,50.4297,56.5469,6,7,5.9724,2410.0,CPU,4,data/series_1/CPU/summary_4.csv,redcyc6,9.468,,False,9.468
redeco10,137.657,10,7418.0,24871.0,72.1585,76.7852,10,10,0.5578,32289.0,CPU,4,data/series_1/CPU/summary_4.csv,redeco10,137.657,,False,137.657
redeco7,0.3679,7,203.0,265.0,0.207,0.207,7,7,0.5627,468.0,CPU,4,data/series_1/CPU/summary_4.csv,redeco7,0.3679,,False,0.3679
redeco8,2.7994,8,659.0,1276.0,40.7979,54.6211,8,8,19.5117,1935.0,CPU,4,data/series_1/CPU/summary_4.csv,redeco8,2.7994,,False,2.7994
redeco9,20.1146,9,2194.0,5760.0,55.8687,60.0273,9,9,2.9843,7954.0,CPU,4,data/series_1/CPU/summary_4.csv,redeco9,20.1146,,False,20.1146
reif,0.0787,16,302.0,24.0,0.2031,0.2031,14,16,2.581,326.0,CPU,4,data/series_1/CPU/summary_4.csv,reif,0.0787,,False,0.0787
reimer4,4.072,4,64.0,312.0,44.5461,56.2852,4,4,13.8225,376.0,CPU,4,data/series_1/CPU/summary_4.csv,reimer4,4.072,,False,4.072
reimer5,75.7073,5,290.0,1956.0,74.9707,82.4336,5,5,1.0888,2246.0,CPU,4,data/series_1/CPU/summary_4.csv,reimer5,75.7073,,False,75.7073
rose,0.1899,3,12.0,111.0,0.2031,0.2031,3,3,1.0696,123.0,CPU,4,data/series_1/CPU/summary_4.csv,rose,0.1899,,False,0.1899
s9_1,0.0546,8,74.0,10.0,0.2695,0.2695,8,8,4.9365,84.0,CPU,4,data/series_1/CPU/summary_4.csv,s9_1,0.0546,,False,0.0546
solotarev,0.0078,4,18.0,2.0,0.2031,0.2031,4,4,26.0417,20.0,CPU,4,data/series_1/CPU/summary_4.csv,solotarev,0.0078,,False,0.0078
sparse5,0.0015,5,10.0,0.0,0.2031,0.2031,5,5,135.4167,10.0,CPU,4,data/series_1/CPU/summary_4.csv,sparse5,0.0015,,False,0.0015
speer,8.7966,6,104.0,1941.0,50.4531,56.9375,4,6,6.4727,2045.0,CPU,4,data/series_1/CPU/summary_4.csv,speer,8.7966,,False,8.7966
tangents,1.4102,6,226.0,133.0,27.3809,54.5586,6,6,38.6886,359.0,CPU,4,data/series_1/CPU/summary_4.csv,tangents,1.4102,,False,1.4102
test,0.0058,3,1.0,4.0,0.2031,0.2031,4,3,35.0216,5.0,CPU,4,data/series_1/CPU/summary_4.csv,test,0.0058,,False,0.0058
uteshev_bikker,0.3796,4,36.0,67.0,0.2656,0.2656,4,4,0.6997,103.0,CPU,4,data/series_1/CPU/summary_4.csv,uteshev_bikker,0.3796,,False,0.3796
vermeer,0.757,5,62.0,264.0,0.166,0.332,4,5,0.4386,326.0,CPU,4,data/series_1/CPU/summary_4.csv,vermeer,0.757,,False,0.757
assur44,257.3477,8,1884.0,3415.0,150.0473,208.875,8,8,0.8116,5299.0,CPU,7,data/series_1/CPU/summary_7.csv,assur44,257.3477,,False,257.3477
benchmark_D1,49.6483,12,2579.0,2348.0,75.0573,101.6758,12,12,2.0479,4927.0,CPU,7,data/series_1/CPU/summary_7.csv,benchmark_d1,49.6483,,False,49.6483
benchmark_i1,243.9688,10,3556.0,3609.0,207.1701,334.3008,10,10,1.3703,7165.0,CPU,7,data/series_1/CPU/summary_7.csv,benchmark_i1,243.9688,,False,243.9688
boon,0.0688,6,108.0,32.0,27.2031,52.5352,6,6,763.5924,140.0,CPU,7,data/series_1/CPU/summary_7.csv,boon,0.0688,,False,0.0688
butcher,2.1592,7,194.0,364.0,41.2168,54.5781,7,7,25.277,558.0,CPU,7,data/series_1/CPU/summary_7.csv,butcher,2.1592,,False,2.1592
butcher8,15.8654,8,568.0,1334.0,56.9002,61.8672,8,8,3.8995,1902.0,CPU,7,data/series_1/CPU/summary_7.csv,butcher8,15.8654,,False,15.8654
camera1s,1.2269,6,177.0,95.0,38.5208,58.0742,6,6,47.3341,272.0,CPU,7,data/series_1/CPU/summary_7.csv,camera1s,1.2269,,False,1.2269
caprasse,0.1147,4,65.0,183.0,27.2129,52.7148,4,4,459.5889,248.0,CPU,7,data/series_1/CPU/summary_7.csv,caprasse,0.1147,,False,0.1147
cassou,2.0349,5,39.0,155.0,45.9365,62.9805,4,5,30.9502,194.0,CPU,7,data/series_1/CPU/summary_7.csv,cassou,2.0349,,False,2.0349
chandra4,0.0275,4,19.0,7.0,27.002,52.4414,4,4,1906.9602,26.0,CPU,7,data/series_1/CPU/summary_7.csv,chandra4,0.0275,,False,0.0275
chandra5,0.1113,5,59.0,42.0,27.4414,53.2969,5,5,478.8578,101.0,CPU,7,data/series_1/CPU/summary_7.csv,chandra5,0.1113,,False,0.1113
chandra6,0.6622,6,188.0,248.0,27.6582,54.1328,6,6,81.7469,436.0,CPU,7,data/series_1/CPU/summary_7.csv,chandra6,0.6622,,False,0.6622
chemequ,0.469,5,84.0,62.0,28.0723,54.8711,5,5,116.9959,146.0,CPU,7,data/series_1/CPU/summary_7.csv,chemequ,0.469,,False,0.469
chemequs,1.0071,5,95.0,78.0,41.1068,62.5156,5,5,62.0749,173.0,CPU,7,data/series_1/CPU/summary_7.csv,chemequs,1.0071,,False,1.0071
chemkin,501.7897,11,2156.0,3762.0,204.8563,330.1211,11,11,0.6579,5918.0,CPU,7,data/series_1/CPU/summary_7.csv,chemkin,501.7897,,False,501.7897
cohn2,2.8376,4,0.0,456.0,47.0516,58.9336,4,4,20.7688,456.0,CPU,7,data/series_1/CPU/summary_7.csv,cohn2,2.8376,,False,2.8376
cohn3,3899.1615,4,85.0,8053.0,491.5756,607.3789,4,4,0.1558,8138.0,CPU,7,data/series_1/CPU/summary_7.csv,cohn3,3899.1615,,False,3899.1615
comb3000,0.1229,10,151.0,14.0,27.5742,53.5156,10,10,435.4404,165.0,CPU,7,data/series_1/CPU/summary_7.csv,comb3000,0.1229,,False,0.1229
comb3000s,0.1341,10,151.0,17.0,28.4023,55.0977,10,10,410.8699,168.0,CPU,7,data/series_1/CPU/summary_7.csv,comb3000s,0.1341,,False,0.1341
conform1,0.0218,3,9.0,31.0,26.875,52.2852,3,3,2398.4017,40.0,CPU,7,data/series_1/CPU/summary_7.csv,conform1,0.0218,,False,0.0218
cpdm5,35.4565,5,339.0,2474.0,61.7778,64.7148,5,5,1.8252,2813.0,CPU,7,data/series_1/CPU/summary_7.csv,cpdm5,35.4565,,False,35.4565
cyclic5,0.3107,5,113.0,382.0,27.5742,53.5547,5,5,172.3678,495.0,CPU,7,data/series_1/CPU/summary_7.csv,cyclic5,0.3107,,False,0.3107
cyclic6,10.9007,6,548.0,3163.0,54.0132,59.4648,6,6,5.4551,3711.0,CPU,7,data/series_1/CPU/summary_7.csv,cyclic6,10.9007,,False,10.9007
d1,48.7535,12,2581.0,2342.0,75.0728,99.8672,12,12,2.0484,4923.0,CPU,7,data/series_1/CPU/summary_7.csv,d1,48.7535,,False,48.7535
des18_3,3.3199,8,275.0,377.0,45.2563,57.8633,8,8,17.4292,652.0,CPU,7,data/series_1/CPU/summary_7.csv,des18_3,3.3199,,False,3.3199
des22_24,4.7241,10,501.0,350.0,49.7439,59.9766,10,10,12.6959,851.0,CPU,7,data/series_1/CPU/summary_7.csv,des22_24,4.7241,,False,4.7241
dessin1,3.3885,8,275.0,375.0,45.2094,57.8359,8,8,17.0683,650.0,CPU,7,data/series_1/CPU/summary_7.csv,dessin1,3.3885,,False,3.3885
dessin2,6.6393,10,558.0,315.0,51.6064,61.9492,10,10,9.3307,873.0,CPU,7,data/series_1/CPU/summary_7.csv,dessin2,6.6393,,False,6.6393
eco7,1.8148,7,272.0,230.0,41.0938,54.4297,7,7,29.9921,502.0,CPU,7,data/series_1/CPU/summary_7.csv,eco7,1.8148,,False,1.8148
eco8,14.2908,8,792.0,984.0,54.6387,59.1484,8,8,4.1389,1776.0,CPU,7,data/series_1/CPU/summary_7.csv,eco8,14.2908,,False,14.2908
eco9,158.9366,9,2287.0,3638.0,71.1904,73.6172,9,9,0.4632,5925.0,CPU,7,data/series_1/CPU/summary_7.csv,eco9,158.9366,,False,158.9366
extcyc4,0.3136,5,120.0,394.0,27.4492,53.4375,5,5,170.4002,514.0,CPU,7,data/series_1/CPU/summary_7.csv,extcyc4,0.3136,,False,0.3136
extcyc5,82.2014,6,738.0,9177.0,78.0286,92.1523,6,6,1.1211,9915.0,CPU,7,data/series_1/CPU/summary_7.csv,extcyc5,82.2014,,False,82.2014
f633,1.1739,10,318.0,605.0,35.7552,53.1836,9,10,45.305,923.0,CPU,7,data/series_1/CPU/summary_7.csv,f633,1.1739,,False,1.1739
f744,218.8186,12,3455.0,3940.0,98.6409,110.1953,12,12,0.5036,7395.0,CPU,7,data/series_1/CPU/summary_7.csv,f744,218.8186,,False,218.8186
fabrice24,102.2984,9,1227.0,1011.0,107.2666,130.3008,9,9,1.2737,2238.0,CPU,7,data/series_1/CPU/summary_7.csv,fabrice24,102.2984,,False,102.2984
filter9,124.5354,9,5626.0,15590.0,82.6715,95.8203,9,9,0.7694,21216.0,CPU,7,data/series_1/CPU/summary_7.csv,filter9,124.5354,,False,124.5354
geneig,0.5341,6,94.0,51.0,27.7383,54.2109,6,6,101.4996,145.0,CPU,7,data/series_1/CPU/summary_7.csv,geneig,0.5341,,False,0.5341
hairer1,0.0328,8,42.0,24.0,26.5566,52.0898,6,8,1588.105,66.0,CPU,7,data/series_1/CPU/summary_7.csv,hairer1,0.0328,,False,0.0328
hcyclic5,0.1416,6,89.0,545.0,27.3633,53.168,5,6,375.48,634.0,CPU,7,data/series_1/CPU/summary_7.csv,hcyclic5,0.1416,,False,0.1416
hcyclic6,4.7732,7,273.0,4132.0,48.2556,56.4766,6,7,11.832,4405.0,CPU,7,data/series_1/CPU/summary_7.csv,hcyclic6,4.7732,,False,4.7732
heart,0.0654,8,75.0,3.0,27.3398,53.1055,8,8,812.0102,78.0,CPU,7,data/series_1/CPU/summary_7.csv,heart,0.0654,,False,0.0654
hemmecke,0.0433,4,11.0,14.0,26.877,52.375,3,4,1209.5843,25.0,CPU,7,data/series_1/CPU/summary_7.csv,hemmecke,0.0433,,False,0.0433
hf744,166.8046,13,1906.0,18033.0,77.5066,83.3711,12,13,0.4998,19939.0,CPU,7,data/series_1/CPU/summary_7.csv,hf744,166.8046,,False,166.8046
hietarinta1,109.2176,10,3783.0,3303.0,99.0871,115.0898,62,10,1.0538,7086.0,CPU,7,data/series_1/CPU/summary_7.csv,hietarinta1,109.2176,,False,109.2176
hunecke,0.0054,5,1.0,15.0,26.5312,51.8555,8,5,9602.8646,16.0,CPU,7,data/series_1/CPU/summary_7.csv,hunecke,0.0054,,False,0.0054
i1,217.301,12,3512.0,3527.0,186.7699,242.5938,10,12,1.1164,7039.0,CPU,7,data/series_1/CPU/summary_7.csv,i1,217.301,,False,217.301
issac97,0.1365,4,25.0,15.0,27.6074,53.6484,4,4,393.0288,40.0,CPU,7,data/series_1/CPU/summary_7.csv,issac97,0.1365,,False,0.1365
jcf26,156.632,34,3652.0,1013.0,128.0502,152.832,34,34,0.9757,4665.0,CPU,7,data/series_1/CPU/summary_7.csv,jcf26,156.632,,False,156.632
katsura6,5.6551,7,280.0,432.0,48.1735,56.2812,7,7,9.9523,712.0,CPU,7,data/series_1/CPU/summary_7.csv,katsura6,5.6551,,False,5.6551
katsura7,48.6636,8,719.0,1755.0,63.1964,65.9141,8,8,1.3545,2474.0,CPU,7,data/series_1/CPU/summary_7.csv,katsura7,48.6636,,False,48.6636
katsura8,456.909,9,2237.0,7408.0,100.3536,107.0859,9,9,0.2344,9645.0,CPU,7,data/series_1/CPU/summary_7.csv,katsura8,456.909,,False,456.909
kin1,43.4047,12,2022.0,1806.0,78.9212,99.8242,12,12,2.2998,3828.0,CPU,7,data/series_1/CPU/summary_7.csv,kin1,43.4047,,False,43.4047
kinema,5.1399,9,377.0,319.0,48.5781,56.8945,9,9,11.0692,696.0,CPU,7,data/series_1/CPU/summary_7.csv,kinema,5.1399,,False,5.1399
kotsireas,406.1549,7,747.0,2964.0,312.7221,379.6562,6,7,0.9348,3711.0,CPU,7,data/series_1/CPU/summary_7.csv,kotsireas,406.1549,,False,406.1549
ku10,0.1215,10,795.0,124.0,27.0859,52.7188,10,10,433.8992,919.0,CPU,7,data/series_1/CPU/summary_7.csv,ku10,0.1215,,False,0.1215
lanconelli,0.0037,11,7.0,2.0,26.8066,51.8555,4,11,14014.9916,9.0,CPU,7,data/series_1/CPU/summary_7.csv,lanconelli,0.0037,,False,0.0037
lichtblau,0.6086,3,4.0,111.0,30.1523,58.3398,2,3,95.8591,115.0,CPU,7,data/series_1/CPU/summary_7.csv,lichtblau,0.6086,,False,0.6086
liu,0.0411,6,22.0,60.0,26.8594,52.1445,4,6,1268.7234,82.0,CPU,7,data/series_1/CPU/summary_7.csv,liu,0.0411,,False,0.0411
lorentz,0.0238,4,27.0,15.0,27.0684,52.0352,4,4,2186.3511,42.0,CPU,7,data/series_1/CPU/summary_7.csv,lorentz,0.0238,,False,0.0238
matrix,1.9651,16,4951.0,6826.0,41.0,54.2188,16,16,27.5908,11777.0,CPU,7,data/series_1/CPU/summary_7.csv,matrix,1.9651,,False,1.9651
mickey,0.0002,2,1.0,0.0,26.6348,51.6953,2,2,258476.5625,1.0,CPU,7,data/series_1/CPU/summary_7.csv,mickey,0.0002,,False,0.0002
morgenstern,0.1585,9,114.0,162.0,27.0488,52.543,5,9,331.5014,276.0,CPU,7,data/series_1/CPU/summary_7.csv,morgenstern,0.1585,,False,0.1585
noon5,6.8472,5,304.0,1989.0,49.9045,56.5859,5,5,8.2641,2293.0,CPU,7,data/series_1/CPU/summary_7.csv,noon5,6.8472,,False,6.8472
noon6,173.0261,6,1432.0,16457.0,68.0467,69.9766,6,6,0.4044,17889.0,CPU,7,data/series_1/CPU/summary_7.csv,noon6,173.0261,,False,173.0261
puma,0.0531,8,95.0,5.0,27.3203,53.207,8,8,1002.0157,100.0,CPU,7,data/series_1/CPU/summary_7.csv,puma,0.0531,,False,0.0531
quadfor2,0.0016,5,8.0,0.0,26.6445,51.707,4,5,32316.8945,8.0,CPU,7,data/series_1/CPU/summary_7.csv,quadfor2,0.0016,,False,0.0016
quadgrid,0.0266,6,22.0,2.0,27.0664,52.6602,5,6,1979.7051,24.0,CPU,7,data/series_1/CPU/summary_7.csv,quadgrid,0.0266,,False,0.0266
rabmo,1.9396,9,318.0,67.0,41.3867,54.6836,9,9,28.1932,385.0,CPU,7,data/series_1/CPU/summary_7.csv,rabmo,1.9396,,False,1.9396
rbpl,142.4944,8,1454.0,7231.0,74.7053,80.8555,6,8,0.5674,8685.0,CPU,7,data/series_1/CPU/summary_7.csv,rbpl,142.4944,,False,142.4944
rbpl24,136.6937,9,1257.0,1089.0,124.073,159.4727,9,9,1.1666,2346.0,CPU,7,data/series_1/CPU/summary_7.csv,rbpl24,136.6937,,False,136.6937
redcyc5,0.2442,6,93.0,157.0,27.4609,53.4766,5,6,218.9867,250.0,CPU,7,data/series_1/CPU/summary_7.csv,redcyc5,0.2442,,False,0.2442
redcyc6,10.1751,7,417.0,1967.0,52.0101,57.1836,6,7,5.62,2384.0,CPU,7,data/series_1/CPU/summary_7.csv,redcyc6,10.1751,,False,10.1751
redeco10,146.5777,10,7418.0,24836.0,73.1741,78.1992,10,10,0.5335,32254.0,CPU,7,data/series_1/CPU/summary_7.csv,redeco10,146.5777,,False,146.5777
redeco7,0.5621,7,203.0,249.0,27.6211,53.6562,7,7,95.4568,452.0,CPU,7,data/series_1/CPU/summary_7.csv,redeco7,0.5621,,False,0.5621
redeco8,3.5743,8,659.0,1258.0,44.4562,55.5117,8,8,15.5308,1917.0,CPU,7,data/series_1/CPU/summary_7.csv,redeco8,3.5743,,False,3.5743
redeco9,21.9579,9,2194.0,5737.0,56.792,60.2969,9,9,2.746,7931.0,CPU,7,data/series_1/CPU/summary_7.csv,redeco9,21.9579,,False,21.9579
reif,0.0825,16,302.0,24.0,26.9727,52.3789,14,16,634.8958,326.0,CPU,7,data/series_1/CPU/summary_7.csv,reif,0.0825,,False,0.0825
reimer4,4.2434,4,64.0,311.0,47.1595,56.8828,4,4,13.405,375.0,CPU,7,data/series_1/CPU/summary_7.csv,reimer4,4.2434,,False,4.2434
reimer5,78.308,5,279.0,1964.0,74.3744,81.0898,5,5,1.0355,2243.0,CPU,7,data/series_1/CPU/summary_7.csv,reimer5,78.308,,False,78.308
rose,0.2013,3,12.0,110.0,27.498,53.4336,3,3,265.4426,122.0,CPU,7,data/series_1/CPU/summary_7.csv,rose,0.2013,,False,0.2013
s9_1,0.0598,8,74.0,9.0,27.6367,53.1641,8,8,889.0311,83.0,CPU,7,data/series_1/CPU/summary_7.csv,s9_1,0.0598,,False,0.0598
solotarev,0.008,4,18.0,2.0,26.8047,51.8828,4,4,6485.3516,20.0,CPU,7,data/series_1/CPU/summary_7.csv,solotarev,0.008,,False,0.008
sparse5,0.0015,5,10.0,0.0,26.6602,51.7109,5,5,34473.9583,10.0,CPU,7,data/series_1/CPU/summary_7.csv,sparse5,0.0015,,False,0.0015
speer,9.5256,6,104.0,1924.0,51.6697,57.7656,4,6,6.0643,2028.0,CPU,7,data/series_1/CPU/summary_7.csv,speer,9.5256,,False,9.5256
tangents,1.5183,6,226.0,127.0,37.0273,55.375,6,6,36.4717,353.0,CPU,7,data/series_1/CPU/summary_7.csv,tangents,1.5183,,False,1.5183
test,0.006,3,1.0,4.0,26.6777,51.8164,4,3,8636.0677,5.0,CPU,7,data/series_1/CPU/summary_7.csv,test,0.006,,False,0.006
uteshev_bikker,0.4562,4,36.0,62.0,28.1777,54.5039,4,4,119.4737,98.0,CPU,7,data/series_1/CPU/summary_7.csv,uteshev_bikker,0.4562,,False,0.4562
vermeer,1.0661,5,58.0,244.0,36.7656,54.1875,4,5,50.8278,302.0,CPU,7,data/series_1/CPU/summary_7.csv,vermeer,1.0661,,False,1.0661
assur44,263.9252,8,1904.0,3478.0,149.2765,209.0625,8,8,0.7921,5382.0,CPU,10,data/series_1/CPU/summary_10.csv,assur44,263.9252,,False,263.9252
benchmark_D1,56.5300,12,2484.0,2267.0,79.4693,105.7266,12,12,1.8703,4751.0,CPU,10,data/series_1/CPU/summary_10.csv,benchmark_d1,56.53,,False,56.53
benchmark_i1,249.9465,10,3556.0,3613.0,211.2176,340.9414,10,10,1.3641,7169.0,CPU,10,data/series_1/CPU/summary_10.csv,benchmark_i1,249.9465,,False,249.9465
boon,0.0698,6,108.0,32.0,27.1289,52.543,6,6,752.7646,140.0,CPU,10,data/series_1/CPU/summary_10.csv,boon,0.0698,,False,0.0698
butcher,2.2702,7,194.0,363.0,41.3848,54.582,7,7,24.0428,557.0,CPU,10,data/series_1/CPU/summary_10.csv,butcher,2.2702,,False,2.2702
butcher8,16.3916,8,568.0,1325.0,56.9655,61.75,8,8,3.7672,1893.0,CPU,10,data/series_1/CPU/summary_10.csv,butcher8,16.3916,,False,16.3916
camera1s,1.2123,6,177.0,96.0,38.4492,58.1523,6,6,47.9686,273.0,CPU,10,data/series_1/CPU/summary_10.csv,camera1s,1.2123,,False,1.2123
caprasse,0.1148,4,65.0,183.0,27.1641,52.7148,4,4,459.1885,248.0,CPU,10,data/series_1/CPU/summary_10.csv,caprasse,0.1148,,False,0.1148
cassou,1.9691,5,39.0,155.0,46.1445,63.0156,4,5,32.0022,194.0,CPU,10,data/series_1/CPU/summary_10.csv,cassou,1.9691,,False,1.9691
chandra4,0.0243,4,19.0,7.0,26.8633,52.4531,4,4,2158.5648,26.0,CPU,10,data/series_1/CPU/summary_10.csv,chandra4,0.0243,,False,0.0243
chandra5,0.1167,5,59.0,42.0,27.4609,53.3125,5,5,456.8338,101.0,CPU,10,data/series_1/CPU/summary_10.csv,chandra5,0.1167,,False,0.1167
chandra6,0.6463,6,188.0,248.0,27.7051,54.1094,6,6,83.7218,436.0,CPU,10,data/series_1/CPU/summary_10.csv,chandra6,0.6463,,False,0.6463
chemequ,0.4949,5,84.0,61.0,28.1777,54.8828,5,5,110.8968,145.0,CPU,10,data/series_1/CPU/summary_10.csv,chemequ,0.4949,,False,0.4949
chemequs,1.0063,5,95.0,80.0,41.0846,62.4062,5,5,62.0156,175.0,CPU,10,data/series_1/CPU/summary_10.csv,chemequs,1.0063,,False,1.0063
chemkin,518.4971,11,2210.0,3906.0,208.8075,335.8828,11,11,0.6478,6116.0,CPU,10,data/series_1/CPU/summary_10.csv,chemkin,518.4971,,False,518.4971
cohn2,3.0195,4,0.0,456.0,46.8773,58.8086,4,4,19.4763,456.0,CPU,10,data/series_1/CPU/summary_10.csv,cohn2,3.0195,,False,3.0195
cohn3,TIMEOUT (7200.0000с),4,,,,,4,4,,,CPU,10,data/series_1/CPU/summary_10.csv,cohn3,,7200.0,True,7200.0
comb3000,0.1222,10,151.0,14.0,27.4746,53.5117,10,10,437.9028,165.0,CPU,10,data/series_1/CPU/summary_10.csv,comb3000,0.1222,,False,0.1222
comb3000s,0.1435,10,151.0,17.0,28.3359,55.1055,10,10,384.0102,168.0,CPU,10,data/series_1/CPU/summary_10.csv,comb3000s,0.1435,,False,0.1435
conform1,0.0226,3,9.0,31.0,26.9707,52.3008,3,3,2314.1939,40.0,CPU,10,data/series_1/CPU/summary_10.csv,conform1,0.0226,,False,0.0226
cpdm5,34.8550,5,339.0,2476.0,62.0188,65.1758,5,5,1.8699,2815.0,CPU,10,data/series_1/CPU/summary_10.csv,cpdm5,34.855,,False,34.855
cyclic5,0.3038,5,113.0,381.0,27.5488,53.5469,5,5,176.257,494.0,CPU,10,data/series_1/CPU/summary_10.csv,cyclic5,0.3038,,False,0.3038
cyclic6,11.1207,6,548.0,3168.0,54.0261,59.4414,6,6,5.3451,3716.0,CPU,10,data/series_1/CPU/summary_10.csv,cyclic6,11.1207,,False,11.1207
d1,64.5426,12,2767.0,2763.0,79.436,105.1758,12,12,1.6296,5530.0,CPU,10,data/series_1/CPU/summary_10.csv,d1,64.5426,,False,64.5426
des18_3,3.3019,8,275.0,375.0,45.1047,57.7891,8,8,17.5018,650.0,CPU,10,data/series_1/CPU/summary_10.csv,des18_3,3.3019,,False,3.3019
des22_24,4.7538,10,501.0,353.0,49.6892,60.0,10,10,12.6215,854.0,CPU,10,data/series_1/CPU/summary_10.csv,des22_24,4.7538,,False,4.7538
dessin1,3.3312,8,275.0,376.0,45.1555,57.6484,8,8,17.3056,651.0,CPU,10,data/series_1/CPU/summary_10.csv,dessin1,3.3312,,False,3.3312
dessin2,6.3662,10,558.0,323.0,51.5498,62.0078,10,10,9.7402,881.0,CPU,10,data/series_1/CPU/summary_10.csv,dessin2,6.3662,,False,6.3662
eco7,1.5850,7,262.0,214.0,36.6862,54.2812,7,7,34.2468,476.0,CPU,10,data/series_1/CPU/summary_10.csv,eco7,1.585,,False,1.585
eco8,13.3733,8,755.0,914.0,55.0083,60.3125,8,8,4.5099,1669.0,CPU,10,data/series_1/CPU/summary_10.csv,eco8,13.3733,,False,13.3733
eco9,147.4698,9,2277.0,3651.0,69.2088,71.2109,9,9,0.4829,5928.0,CPU,10,data/series_1/CPU/summary_10.csv,eco9,147.4698,,False,147.4698
extcyc4,0.3536,5,137.0,456.0,27.3945,53.5,5,5,151.3009,593.0,CPU,10,data/series_1/CPU/summary_10.csv,extcyc4,0.3536,,False,0.3536
extcyc5,57.3026,6,738.0,9176.0,70.714,86.6562,6,6,1.5123,9914.0,CPU,10,data/series_1/CPU/summary_10.csv,extcyc5,57.3026,,False,57.3026
f633,1.2664,10,318.0,594.0,35.9948,53.2031,9,10,42.0113,912.0,CPU,10,data/series_1/CPU/summary_10.csv,f633,1.2664,,False,1.2664
f744,248.8223,12,3711.0,4156.0,104.5929,120.0273,12,12,0.4824,7867.0,CPU,10,data/series_1/CPU/summary_10.csv,f744,248.8223,,False,248.8223
fabrice24,107.0555,9,1227.0,1010.0,107.3229,130.5273,9,9,1.2192,2237.0,CPU,10,data/series_1/CPU/summary_10.csv,fabrice24,107.0555,,False,107.0555
filter9,131.8091,9,5636.0,15637.0,83.7947,97.5234,9,9,0.7399,21273.0,CPU,10,data/series_1/CPU/summary_10.csv,filter9,131.8091,,False,131.8091
geneig,0.5654,6,94.0,51.0,27.8887,54.2148,6,6,95.8876,145.0,CPU,10,data/series_1/CPU/summary_10.csv,geneig,0.5654,,False,0.5654
hairer1,0.0330,8,42.0,24.0,26.8203,52.0898,6,8,1578.4801,66.0,CPU,10,data/series_1/CPU/summary_10.csv,hairer1,0.033,,False,0.033
hcyclic5,0.1435,6,89.0,545.0,27.5,53.2188,5,6,370.8624,634.0,CPU,10,data/series_1/CPU/summary_10.csv,hcyclic5,0.1435,,False,0.1435
hcyclic6,5.1390,7,273.0,4118.0,48.3052,56.4922,6,7,10.9928,4391.0,CPU,10,data/series_1/CPU/summary_10.csv,hcyclic6,5.139,,False,5.139
heart,0.0728,8,75.0,3.0,27.2754,53.1094,8,8,729.5244,78.0,CPU,10,data/series_1/CPU/summary_10.csv,heart,0.0728,,False,0.0728
hemmecke,0.0443,4,11.0,14.0,26.832,52.3711,3,4,1182.1917,25.0,CPU,10,data/series_1/CPU/summary_10.csv,hemmecke,0.0443,,False,0.0443
hf744,170.3877,13,1906.0,17996.0,76.7538,82.4648,12,13,0.484,19902.0,CPU,10,data/series_1/CPU/summary_10.csv,hf744,170.3877,,False,170.3877
hietarinta1,104.7822,10,3625.0,3143.0,92.5686,104.3945,62,10,0.9963,6768.0,CPU,10,data/series_1/CPU/summary_10.csv,hietarinta1,104.7822,,False,104.7822
hunecke,0.0055,5,1.0,15.0,26.7148,51.8594,8,5,9428.9773,16.0,CPU,10,data/series_1/CPU/summary_10.csv,hunecke,0.0055,,False,0.0055
i1,247.5926,12,3511.0,3498.0,187.958,234.4102,10,12,0.9468,7009.0,CPU,10,data/series_1/CPU/summary_10.csv,i1,247.5926,,False,247.5926
issac97,0.1383,4,25.0,15.0,27.873,53.6562,4,4,387.97,40.0,CPU,10,data/series_1/CPU/summary_10.csv,issac97,0.1383,,False,0.1383
jcf26,166.6975,34,3652.0,1007.0,129.9919,154.4766,34,34,0.9267,4659.0,CPU,10,data/series_1/CPU/summary_10.csv,jcf26,166.6975,,False,166.6975
katsura6,5.8580,7,280.0,428.0,49.228,56.3164,7,7,9.6136,708.0,CPU,10,data/series_1/CPU/summary_10.csv,katsura6,5.858,,False,5.858
katsura7,48.8620,8,719.0,1755.0,63.029,65.707,8,8,1.3447,2474.0,CPU,10,data/series_1/CPU/summary_10.csv,katsura7,48.862,,False,48.862
katsura8,437.3055,9,2237.0,7433.0,98.3085,104.6992,9,9,0.2394,9670.0,CPU,10,data/series_1/CPU/summary_10.csv,katsura8,437.3055,,False,437.3055
kin1,43.6965,12,2022.0,1816.0,77.7367,95.0078,12,12,2.1743,3838.0,CPU,10,data/series_1/CPU/summary_10.csv,kin1,43.6965,,False,43.6965
kinema,5.2514,9,377.0,319.0,48.4537,56.832,9,9,10.8223,696.0,CPU,10,data/series_1/CPU/summary_10.csv,kinema,5.2514,,False,5.2514
kotsireas,915.9244,7,765.0,3023.0,337.8436,398.7461,6,7,0.4353,3788.0,CPU,10,data/series_1/CPU/summary_10.csv,kotsireas,915.9244,,False,915.9244
ku10,0.1198,10,795.0,126.0,27.0117,52.75,10,10,440.3172,921.0,CPU,10,data/series_1/CPU/summary_10.csv,ku10,0.1198,,False,0.1198
lanconelli,0.0131,11,9.0,3.0,26.7852,52.0977,4,11,3976.9203,12.0,CPU,10,data/series_1/CPU/summary_10.csv,lanconelli,0.0131,,False,0.0131
lichtblau,0.6119,3,4.0,110.0,29.9531,58.3242,2,3,95.3166,114.0,CPU,10,data/series_1/CPU/summary_10.csv,lichtblau,0.6119,,False,0.6119
liu,0.0371,6,19.0,23.0,26.7637,52.082,4,6,1403.8283,42.0,CPU,10,data/series_1/CPU/summary_10.csv,liu,0.0371,,False,0.0371
lorentz,0.0204,4,27.0,18.0,26.7969,52.0352,4,4,2550.743,45.0,CPU,10,data/series_1/CPU/summary_10.csv,lorentz,0.0204,,False,0.0204
matrix,1.9636,16,4951.0,6873.0,40.916,54.1367,16,16,27.5701,11824.0,CPU,10,data/series_1/CPU/summary_10.csv,matrix,1.9636,,False,1.9636
mickey,0.0003,2,1.0,0.0,26.6367,51.6953,2,2,172317.7083,1.0,CPU,10,data/series_1/CPU/summary_10.csv,mickey,0.0003,,False,0.0003
morgenstern,0.1541,9,114.0,162.0,26.7695,52.5078,5,9,340.7386,276.0,CPU,10,data/series_1/CPU/summary_10.csv,morgenstern,0.1541,,False,0.1541
noon5,6.9507,5,304.0,1990.0,49.8997,56.5938,5,5,8.1422,2294.0,CPU,10,data/series_1/CPU/summary_10.csv,noon5,6.9507,,False,6.9507
noon6,174.1532,6,1432.0,16410.0,67.9508,69.8516,6,6,0.4011,17842.0,CPU,10,data/series_1/CPU/summary_10.csv,noon6,174.1532,,False,174.1532
puma,0.0533,8,95.0,5.0,27.4219,53.2266,8,8,998.6222,100.0,CPU,10,data/series_1/CPU/summary_10.csv,puma,0.0533,,False,0.0533
quadfor2,0.0017,5,8.0,0.0,26.5801,51.7148,4,5,30420.4963,8.0,CPU,10,data/series_1/CPU/summary_10.csv,quadfor2,0.0017,,False,0.0017
quadgrid,0.0264,6,22.0,2.0,27.2578,52.6602,5,6,1994.7029,24.0,CPU,10,data/series_1/CPU/summary_10.csv,quadgrid,0.0264,,False,0.0264
rabmo,1.9423,9,318.0,66.0,41.4072,54.6914,9,9,28.1581,384.0,CPU,10,data/series_1/CPU/summary_10.csv,rabmo,1.9423,,False,1.9423
rbpl,204.9220,8,1454.0,7229.0,74.5055,78.5977,6,8,0.3835,8683.0,CPU,10,data/series_1/CPU/summary_10.csv,rbpl,204.922,,False,204.922
rbpl24,101.1834,9,1227.0,1020.0,105.9943,128.793,9,9,1.2729,2247.0,CPU,10,data/series_1/CPU/summary_10.csv,rbpl24,101.1834,,False,101.1834
redcyc5,0.2358,6,93.0,160.0,27.3516,53.4219,5,6,226.5559,253.0,CPU,10,data/series_1/CPU/summary_10.csv,redcyc5,0.2358,,False,0.2358
redcyc6,9.4922,7,415.0,1963.0,51.4052,57.0312,6,7,6.0082,2378.0,CPU,10,data/series_1/CPU/summary_10.csv,redcyc6,9.4922,,False,9.4922
redeco10,149.3948,10,7418.0,24822.0,73.6778,79.1367,10,10,0.5297,32240.0,CPU,10,data/series_1/CPU/summary_10.csv,redeco10,149.3948,,False,149.3948
redeco7,0.5444,7,203.0,249.0,27.6758,53.7383,7,7,98.711,452.0,CPU,10,data/series_1/CPU/summary_10.csv,redeco7,0.5444,,False,0.5444
redeco8,3.4991,8,659.0,1261.0,44.468,55.4961,8,8,15.8601,1920.0,CPU,10,data/series_1/CPU/summary_10.csv,redeco8,3.4991,,False,3.4991
redeco9,22.6532,9,2194.0,5735.0,57.0648,60.8086,9,9,2.6843,7929.0,CPU,10,data/series_1/CPU/summary_10.csv,redeco9,22.6532,,False,22.6532
reif,0.0792,16,302.0,24.0,27.0039,52.3828,14,16,661.3991,326.0,CPU,10,data/series_1/CPU/summary_10.csv,reif,0.0792,,False,0.0792
reimer4,4.3392,4,64.0,312.0,47.125,56.8555,4,4,13.1028,376.0,CPU,10,data/series_1/CPU/summary_10.csv,reimer4,4.3392,,False,4.3392
reimer5,79.2203,5,290.0,1952.0,75.9492,83.3867,5,5,1.0526,2242.0,CPU,10,data/series_1/CPU/summary_10.csv,reimer5,79.2203,,False,79.2203
rose,0.1963,3,12.0,110.0,27.4961,53.4219,3,3,272.144,122.0,CPU,10,data/series_1/CPU/summary_10.csv,rose,0.1963,,False,0.1963
s9_1,0.0583,8,74.0,9.0,27.2168,53.1641,8,8,911.905,83.0,CPU,10,data/series_1/CPU/summary_10.csv,s9_1,0.0583,,False,0.0583
solotarev,0.0080,4,18.0,2.0,26.7227,51.8906,4,4,6486.3281,20.0,CPU,10,data/series_1/CPU/summary_10.csv,solotarev,0.008,,False,0.008
sparse5,0.0016,5,10.0,0.0,26.5742,51.7305,5,5,32331.543,10.0,CPU,10,data/series_1/CPU/summary_10.csv,sparse5,0.0016,,False,0.0016
speer,8.8786,6,104.0,1928.0,51.5721,57.6055,4,6,6.4881,2032.0,CPU,10,data/series_1/CPU/summary_10.csv,speer,8.8786,,False,8.8786
tangents,1.5440,6,226.0,126.0,37.2253,55.4297,6,6,35.9001,352.0,CPU,10,data/series_1/CPU/summary_10.csv,tangents,1.544,,False,1.544
test,0.0058,3,1.0,4.0,26.6348,51.8242,4,3,8935.2101,5.0,CPU,10,data/series_1/CPU/summary_10.csv,test,0.0058,,False,0.0058
uteshev_bikker,0.4697,4,36.0,62.0,28.2266,54.4922,4,4,116.0149,98.0,CPU,10,data/series_1/CPU/summary_10.csv,uteshev_bikker,0.4697,,False,0.4697
vermeer,0.7902,5,54.0,217.0,36.4622,53.8867,4,5,68.1938,271.0,CPU,10,data/series_1/CPU/summary_10.csv,vermeer,0.7902,,False,0.7902
